,alcohol,malic_acid,ash,alcalinity_of_ash,magnesium,total_phenols,flavanoids,nonflavanoid_phenols,proanthocyanins,color_intensity,hue,od280/od315_of_diluted_wines,proline
count,178.0,178.0,178.0,178.0,178.0,178.0,178.0,178.0,178.0,178.0,178.0,178.0,178.0
mean,13.00061797752809,2.3363483146067416,2.3665168539325845,19.49494382022472,99.74157303370787,2.295112359550562,2.0292696629213487,0.3618539325842696,1.5908988764044945,5.058089882022472,0.9574494382022471,2.6116853932584267,746.8932584269663
std,0.8118265380058575,1.1171460976144627,0.27434400906081485,3.339563767173505,14.282483515295665,0.6258510488339893,0.9988586850169467,0.12445334029667937,0.5723588626747613,2.318285871822413,0.22857156582982338,0.7099904287650504,314.9074742768491
min,11.03,0.74,1.36,10.6,70.0,0.98,0.34,0.13,0.41,1.28,0.48,1.27,278.0
25%,12.362499999999999,1.6025,2.21,17.2,88.0,1.7425,1.205,0.27,1.25,3.2199999999999998,0.7825,1.9375,500.5
50%,13.05,1.8650000000000002,2.36,19.5,98.0,2.355,2.135,0.34,1.5550000000000002,4.6899999999999995,0.965,2.78,673.5
75%,13.6775,3.0825,2.5575,21.5,107.0,2.8,2.875,0.4375,1.95,6.2,1.12,3.17,985.0
max,14.83,5.8,3.23,30.0,162.0,3.88,5.08,0.66,3.58,13.0,1.71,4.0,1680.0
